,Cross-Validation,Training MSE,Test MSE
,1,0.665062029576427,0.461680147154599
,2,0.665062029576427,0.461680147154599
,3,0.665062029576427,0.461680147154599
,4,0.665062029576427,0.461680147154599
,5,0.665062029576427,0.461680147154599
,MEAN,0.665062029576427,0.461680147154599
